{
  "max_line_length": {
    "level": "ignore"
  },
  "no_empty_param_list": {
    "level": "error"
  },
  "arrow_spacing": {
    "level": "error"
  },
  "no_interpolation_in_single_quotes": {
    "level": "error"
  },
  "no_debugger": {
    "level": "error"
  },
  "prefer_english_operator": {
    "level": "error"
  },
  "colon_assignment_spacing": {
    "spacing": {
      "left": 0,
      "right": 1
    },
    "level": "error"
  },
  "braces_spacing": {
    "spaces": 0,
    "level": "error"
  },
  "spacing_after_comma": {
    "level": "error"
  },
  "no_stand_alone_at": {
    "level": "error"
  }
}