<?xml version="1.0"?>
<!DOCTYPE hibernate-mapping PUBLIC "-//Hibernate/Hibernate Mapping DTD 3.0//EN"
"http://hibernate.sourceforge.net/hibernate-mapping-3.0.dtd">
<!-- Generated Jan 26, 2018 9:41:55 AM by Hibernate Tools 3.4.0.CR1 -->
<hibernate-mapping>
    <class name="com.mto.entities.Country" table="COUNTRY">
        <id name="countryId" type="java.lang.Integer">
            <column name="COUNTRYID" />
            <generator class="assigned" />
        </id>
        <property name="countryName" type="java.lang.String">
            <column name="COUNTRYNAME" />
        </property>
        <property name="countryCode" type="java.lang.String">
            <column name="COUNTRYCODE" />
        </property>
    </class>
</hibernate-mapping>
