<?xml version="1.0"?>
<!DOCTYPE hibernate-mapping PUBLIC "-//Hibernate/Hibernate Mapping DTD 3.0//EN"
"http://hibernate.sourceforge.net/hibernate-mapping-3.0.dtd">
<!-- Generated Jan 31, 2018 9:33:28 AM by Hibernate Tools 3.4.0.CR1 -->
<hibernate-mapping>
    <class name="com.oto.entities.EmpDetails" table="EMPDETAILS">
        <id name="empId" type="java.lang.Integer">
            <column name="EMP_ID" />
            <generator class="foreign">
            	<param name="property">emp</param>
            </generator>
        </id>
        <property name="fname" type="java.lang.String">
            <column name="FNAME" />
        </property>
        <property name="lname" type="java.lang.String">
            <column name="LNAME" />
        </property>
        <property name="mname" type="java.lang.String">
            <column name="MNAME" />
        </property>
        <one-to-one 
        name="emp" 
        class="com.oto.entities.Employee"/>
    </class>
</hibernate-mapping>
