<?xml version="1.0"?>
<!DOCTYPE hibernate-mapping PUBLIC "-//Hibernate/Hibernate Mapping DTD 3.0//EN"
"http://hibernate.sourceforge.net/hibernate-mapping-3.0.dtd">
<!-- Generated Jan 31, 2018 9:33:28 AM by Hibernate Tools 3.4.0.CR1 -->
<hibernate-mapping>
    <class name="com.oto.entities.Employee" table="EMPLOYEE">
        <id name="empId" type="java.lang.Integer">
            <column name="EMP_ID" />
            <generator class="increment" />
        </id>
        <property name="empName" type="java.lang.String">
            <column name="EMP_NAME" />
        </property>
        <property name="email" type="java.lang.String">
            <column name="EMAIL" />
        </property>
        <one-to-one name="empDetails" 
        	class="com.oto.entities.EmpDetails"
        	cascade="all"
        	/>
    </class>
</hibernate-mapping>
