<?xml version="1.0"?>
<!DOCTYPE hibernate-mapping PUBLIC "-//Hibernate/Hibernate Mapping DTD 3.0//EN"
"http://hibernate.sourceforge.net/hibernate-mapping-3.0.dtd">
<!-- Generated Jan 30, 2018 9:53:05 AM by Hibernate Tools 3.4.0.CR1 -->
<hibernate-mapping>
	<class name="com.oto.entities.Passport" table="PASSPORT">
		<id name="passportId" type="java.lang.Integer">
			<column name="PASSPORT_ID" />
			<generator class="increment" />
		</id>
		<property name="passportNum" type="java.lang.String">
			<column name="PASSPORT_NUM" />
		</property>
		<property name="issuedDt" type="java.util.Date">
			<column name="ISSUED_DT" />
		</property>
		<property name="expiryDt" type="java.util.Date">
			<column name="EXPIRY_DT" />
		</property>

		<many-to-one name="person" 
		class="com.oto.entities.Person"
		unique="true"
		not-null="true"
		cascade="all" 
		column="PERSON_ID"/>
	</class>
</hibernate-mapping>
