<?xml version="1.0"?>
<!DOCTYPE hibernate-mapping PUBLIC "-//Hibernate/Hibernate Mapping DTD 3.0//EN"
"http://hibernate.sourceforge.net/hibernate-mapping-3.0.dtd">
<!-- Generated Jan 30, 2018 9:53:05 AM by Hibernate Tools 3.4.0.CR1 -->
<hibernate-mapping>
	<class name="com.oto.entities.Person" table="PERSON">
		<id name="personId" type="java.lang.Integer">
			<column name="PERSON_ID" />
			<generator class="increment" />
		</id>
		<property name="personName" type="java.lang.String">
			<column name="PERSON_NAME" />
		</property>
		<property name="email" type="java.lang.String">
			<column name="EMAIL" />
		</property>
		<property name="dob" type="java.util.Date">
			<column name="DOB" />
		</property>
	</class>
</hibernate-mapping>
