<?xml version="1.0"?>
<!DOCTYPE hibernate-mapping PUBLIC "-//Hibernate/Hibernate Mapping DTD 3.0//EN"
"http://hibernate.sourceforge.net/hibernate-mapping-3.0.dtd">
<!-- Generated Jan 27, 2018 9:57:26 AM by Hibernate Tools 3.4.0.CR1 -->
<hibernate-mapping>
	<class name="com.mtm.entities.Project" table="PROJECT_DETAILS">
		<id name="projId" type="java.lang.Integer">
			<column name="PROJECT_ID" />
			<generator class="increment" />
		</id>
		<property name="projName" type="java.lang.String">
			<column name="PROJ_NAME" />
		</property>
		<property name="startDt" type="java.util.Date">
			<column name="START_DT" />
		</property>
		<property name="endDt" type="java.util.Date">
			<column name="END_DT" />
		</property>
		<set name="resources" table="PROJECT_RESOURCES" cascade="all">
			<key>
				<column name="PROJECT_ID" />
			</key>
			<many-to-many class="com.mtm.entities.Resource" column="RESOURCE_ID" />
		</set>
	</class>
</hibernate-mapping>
