<?xml version="1.0"?>
<!DOCTYPE hibernate-mapping PUBLIC "-//Hibernate/Hibernate Mapping DTD 3.0//EN"
"http://hibernate.sourceforge.net/hibernate-mapping-3.0.dtd">
<!-- Generated Jan 25, 2018 9:42:51 AM by Hibernate Tools 3.4.0.CR1 -->
<hibernate-mapping>
	<class name="com.otm.bd.entities.Author" table="AUTHOR">
		<id name="authorId" type="java.lang.Integer">
			<column name="AUTHOR_ID" />
			<generator class="increment" />
		</id>
		<property name="authorName" type="java.lang.String">
			<column name="AUTHORNAME" />
		</property>
		<property name="authorEmail" type="java.lang.String">
			<column name="AUTHOREMAIL" />
		</property>
		<set name="books" table="BOOK" cascade="all-delete-orphan">
			<key column="AUTHOR_ID" />
			<one-to-many class="com.otm.bd.entities.Book" />
		</set>
	</class>
</hibernate-mapping>
