<?xml version="1.0" encoding="UTF-8"?>
<!DOCTYPE hibernate-configuration PUBLIC "-//Hibernate/Hibernate Configuration DTD 3.0//EN"
                                         "http://www.hibernate.org/dtd/hibernate-configuration-3.0.dtd">
<hibernate-configuration>
	<session-factory>
		<property name="hibernate.connection.driver_class">oracle.jdbc.driver.OracleDriver</property>
		<property name="hibernate.connection.password">admin</property>
		<property name="hibernate.connection.url">jdbc:oracle:thin:@localhost:1521:XE</property>
		<property name="hibernate.connection.username">system</property>

		<property name="hibernate.c3p0.min_size">10</property>
		<property name="hibernate.c3p0.max_size">20</property>
		<property name="hibernate.c3p0.acquire_increment">5</property>
		<property name="hibernate.c3p0.idle_test_period">10</property>
		<property name="hibernate.c3p0.max_statements">10</property>
		<property name="hibernate.c3p0.timeout">100</property>

		<property name="show_sql">true</property>
		<property name="format_sql">true</property>

		<property name="hbm2ddl.auto">update</property>

		<!-- <mapping class="com.nit.oto.entities.Person" /> <mapping class="com.nit.oto.entities.Passport" 
			/> -->
		<mapping class="com.nit.oto.entities.Address" />

	</session-factory>
</hibernate-configuration>
