<?xml version="1.0"?>
<!DOCTYPE hibernate-mapping PUBLIC "-//Hibernate/Hibernate Mapping DTD 3.0//EN"
"http://hibernate.sourceforge.net/hibernate-mapping-3.0.dtd">
<!-- Generated Jan 24, 2018 10:05:55 AM by Hibernate Tools 3.4.0.CR1 -->
<hibernate-mapping>
    <class name="com.otm.entiteis.Author" table="AUTHOR">
        <id name="authorId" type="java.lang.Integer">
            <column name="AUTHORID" />
            <generator class="assigned" />
        </id>
        <property name="authorName" type="java.lang.String">
            <column name="AUTHORNAME" />
        </property>
        <property name="email" type="java.lang.String">
            <column name="EMAIL" />
        </property>
        <list name="books" inverse="false" table="BOOK" >
            <key>
                <column name="AUTHORID" />
            </key>
            <list-index></list-index>
            <one-to-many class="com.otm.entiteis.Book" />
        </list>
    </class>
</hibernate-mapping>
