<?xml version="1.0"?>
<!DOCTYPE hibernate-mapping PUBLIC "-//Hibernate/Hibernate Mapping DTD 3.0//EN"
"http://hibernate.sourceforge.net/hibernate-mapping-3.0.dtd">
<!-- Generated Jan 24, 2018 10:05:55 AM by Hibernate Tools 3.4.0.CR1 -->
<hibernate-mapping>
    <class name="com.otm.entiteis.Book" table="BOOK">
        <id name="bookId" type="java.lang.Integer">
            <column name="BOOKID" />
            <generator class="assigned" />
        </id>
        <property name="bookName" type="java.lang.String">
            <column name="BOOKNAME" />
        </property>
        <property name="isbn" type="java.lang.String">
            <column name="ISBN" />
        </property>
        <property name="price" type="java.lang.Double">
            <column name="PRICE" />
        </property>
    </class>
</hibernate-mapping>
