<?xml version="1.0"?>
<!DOCTYPE hibernate-mapping PUBLIC "-//Hibernate/Hibernate Mapping DTD 3.0//EN"
"http://hibernate.sourceforge.net/hibernate-mapping-3.0.dtd">
<hibernate-mapping>
	<class name="com.nit.entities.Person" table="PERSON_DETAILS">
		<id name="personId" column="PERSON_ID">
			<generator class="increment" />
		</id>
		<property name="personName" column="PERSON_NAME" />
		<property name="email" column="PERSON_EMAIL" />
		<property name="dob" column="PERSON_DOB" type="date"/>
		<component name="passport" class="com.nit.entities.Passport">
			<property name="passportNum" column="PASSPORT_NUM" />
			<property name="issuedDt" column="ISSUED_DT" type="date"/>
			<property name="expiryDt" column="EXPIRY_DT" type="date"/>
		</component>
	</class>
</hibernate-mapping>
